municipality,state,year,lat,lon,altitude,ndvi_vigor,ndwi_moisture,lst_temp,root_zone_wetness,evapotranspiration,clay_content2,annual_rainfall,extreme_event,disease_score,orange_price_real,fcoj_price_ny_lag1,urea_price_lag1,phosphate_price_lag1,kcl_price_lag1,harvested_area_ha,production_ton,yield_t_ha,economic_efficiency,
Frutal,MG,1985,-20.035218,-48.999708,513.89,0.0000,0.0000,0.0000,0.00000,0.0000,28.6589,1485.0628,1,0,0.67,170.59,248.96,54.82,139.47,5600,23878.40,4.26,1.87,
Avare,SP,1985,-23.073834,-48.894245,703.21,0.1326,0.0105,25.2427,0.00000,0.0000,43.3155,1237.7984,1,0,0.67,170.59,248.96,54.82,139.47,49,800.00,16.33,7.17,
Bebedouro,SP,1985,-20.939926,-48.510172,573.15,0.0000,0.0000,0.0000,0.00000,0.0000,29.2673,1317.6916,1,0,0.67,170.59,248.96,54.82,139.47,35796,554000.00,15.48,6.80,
Casa Branca,SP,1985,-21.799796,-47.087518,655.48,0.1110,-0.0017,26.4892,0.00000,0.0000,35.1306,1286.6799,1,0,0.67,170.59,248.96,54.82,139.47,7353,120000.00,16.32,7.17,
Itapetininga,SP,1985,-23.644648,-48.122936,668.28,0.1050,-0.0076,24.3695,0.00000,0.0000,36.2056,1042.5391,1,0,0.67,170.59,248.96,54.82,139.47,612,11260.80,18.40,8.08,
Matao,SP,1985,-21.609602,-48.430162,582.56,0.0873,-0.0082,27.2129,0.00000,0.0000,29.4754,1300.8652,1,0,0.67,170.59,248.96,54.82,139.47,10126,135060.00,13.34,5.86,
Santa Cruz Do Rio Pardo,SP,1985,-22.808644,-49.568133,542.29,0.1291,0.0131,24.2342,0.00000,0.0000,35.9800,1182.9393,1,0,0.67,170.59,248.96,54.82,139.47,30,480.00,16.00,7.03,
Votuporanga,SP,1985,-20.457345,-49.988931,466.76,0.0000,0.0000,0.0000,0.00000,0.0000,22.3793,1312.7869,1,0,0.67,170.59,248.96,54.82,139.47,1263,18237.60,14.44,6.34,
Frutal,MG,1986,-20.035218,-48.999708,513.89,0.0835,-0.0313,29.7940,0.00000,0.0000,28.6589,1332.8672,0,0,0.57,139.38,187.02,60.31,139.41,5600,22400.00,4.00,1.71,
Avare,SP,1986,-23.073834,-48.894245,703.21,0.1458,0.0438,23.7189,0.00000,0.0000,43.3155,1631.2611,0,0,0.57,139.38,187.02,60.31,139.41,49,800.00,16.33,6.97,
Bebedouro,SP,1986,-20.939926,-48.510172,573.15,0.1248,-0.0063,30.1944,0.00000,0.0000,29.2673,1470.7005,0,0,0.57,139.38,187.02,60.31,139.41,36258,548218.08,15.12,6.46,
Casa Branca,SP,1986,-21.799796,-47.087518,655.48,0.1153,0.0145,27.2259,0.00000,0.0000,35.1306,1597.3420,0,0,0.57,139.38,187.02,60.31,139.41,10000,144000.00,14.40,6.15,
Itapetininga,SP,1986,-23.644648,-48.122936,668.28,0.1264,0.0267,19.6192,0.00000,0.0000,36.2056,1465.9124,0,0,0.57,139.38,187.02,60.31,139.41,714,13600.00,19.05,8.13,
Matao,SP,1986,-21.609602,-48.430162,582.56,0.1585,0.0348,29.4690,0.00000,0.0000,29.4754,1408.0924,0,0,0.57,139.38,187.02,60.31,139.41,9379,90040.00,9.60,4.10,
Santa Cruz Do Rio Pardo,SP,1986,-22.808644,-49.568133,542.29,0.1219,0.0200,29.3392,0.00000,0.0000,35.9800,1482.7709,0,0,0.57,139.38,187.02,60.31,139.41,25,480.00,19.20,8.20,
Votuporanga,SP,1986,-20.457345,-49.988931,466.76,0.1603,0.0532,25.7770,0.00000,0.0000,22.3793,1268.3205,0,0,0.57,139.38,187.02,60.31,139.41,909,14398.56,15.84,6.76,
Frutal,MG,1987,-20.035218,-48.999708,513.89,0.1127,0.0533,22.8013,0.00000,0.0000,28.6589,1434.4035,0,0,0.61,102.46,103.06,52.44,106.27,5600,22400.00,4.00,1.96,
Avare,SP,1987,-23.073834,-48.894245,703.21,0.1732,0.0731,21.6096,0.00000,0.0000,43.3155,1563.3818,0,0,0.61,102.46,103.06,52.44,106.27,49,800.00,16.33,7.99,
Bebedouro,SP,1987,-20.939926,-48.510172,573.15,0.1371,0.0310,26.3715,0.00000,0.0000,29.2673,1338.2945,0,0,0.61,102.46,103.06,52.44,106.27,37268,554600.00,14.88,7.28,
Casa Branca,SP,1987,-21.799796,-47.087518,655.48,0.1334,0.0466,26.1297,0.00000,0.0000,35.1306,1499.7195,0,0,0.61,102.46,103.06,52.44,106.27,10000,144000.00,14.40,7.05,
Itapetininga,SP,1987,-23.644648,-48.122936,668.28,0.1302,0.0524,17.7036,0.00000,0.0000,36.2056,1441.0866,0,0,0.61,102.46,103.06,52.44,106.27,708,13600.00,19.21,9.40,
Matao,SP,1987,-21.609602,-48.430162,582.56,0.1705,0.0541,27.7586,0.00000,0.0000,29.4754,1337.1747,0,0,0.61,102.46,103.06,52.44,106.27,11255,135060.00,12.00,5.87,
Santa Cruz Do Rio Pardo,SP,1987,-22.808644,-49.568133,542.29,0.1847,0.0649,23.5079,0.00000,0.0000,35.9800,1408.9479,0,0,0.61,102.46,103.06,52.44,106.27,25,480.00,19.20,9.40,
Votuporanga,SP,1987,-20.457345,-49.988931,466.76,0.1129,-0.0711,32.5225,0.00000,0.0000,22.3793,1283.6493,0,0,0.61,102.46,103.06,52.44,106.27,929,14715.36,15.84,7.75,
Frutal,MG,1988,-20.035218,-48.999708,513.89,0.0831,-0.0327,30.2255,0.00000,0.0000,28.6589,1330.9945,0,0,0.57,136.64,109.66,45.39,89.45,5600,22570.24,4.03,2.77,
Avare,SP,1988,-23.073834,-48.894245,703.21,0.1256,0.0370,21.0915,0.00000,0.0000,43.3155,1267.6495,0,0,0.57,136.64,109.66,45.39,89.45,49,800.00,16.33,11.20,
Bebedouro,SP,1988,-20.939926,-48.510172,573.15,0.1502,0.0322,27.5091,0.00000,0.0000,29.2673,1321.7570,0,0,0.57,136.64,109.66,45.39,89.45,36739,544000.00,14.81,10.16,
Casa Branca,SP,1988,-21.799796,-47.087518,655.48,0.1269,0.0102,26.8634,0.00000,0.0000,35.1306,1553.6565,0,0,0.57,136.64,109.66,45.39,89.45,9957,255815.84,25.69,17.63,
Itapetininga,SP,1988,-23.644648,-48.122936,668.28,0.1361,0.0206,22.1391,0.00000,0.0000,36.2056,1437.5248,0,0,0.57,136.64,109.66,45.39,89.45,708,13600.00,19.21,13.18,
Matao,SP,1988,-21.609602,-48.430162,582.56,0.1596,0.0302,26.0235,0.00000,0.0000,29.4754,1240.6483,0,0,0.57,136.64,109.66,45.39,89.45,11255,135060.00,12.00,8.24,
Santa Cruz Do Rio Pardo,SP,1988,-22.808644,-49.568133,542.29,0.1137,0.0423,18.0453,0.00000,0.0000,35.9800,1206.1822,0,0,0.57,136.64,109.66,45.39,89.45,25,480.00,19.20,13.18,
Votuporanga,SP,1988,-20.457345,-49.988931,466.76,0.1051,-0.0513,31.7096,0.00000,0.0000,22.3793,1206.6996,0,0,0.57,136.64,109.66,45.39,89.45,892,14000.00,15.70,10.77,
Frutal,MG,1989,-20.035218,-48.999708,513.89,0.0720,0.0455,16.7736,0.00000,0.0000,28.6589,1493.2379,0,0,0.56,174.95,141.73,39.44,108.39,6450,25800.00,4.00,2.80,
Avare,SP,1989,-23.073834,-48.894245,703.21,0.1376,0.0492,16.4037,0.00000,0.0000,43.3155,1492.9284,0,0,0.56,174.95,141.73,39.44,108.39,49,800.00,16.33,11.42,
Bebedouro,SP,1989,-20.939926,-48.510172,573.15,0.1458,0.0430,17.4710,0.00000,0.0000,29.2673,1361.8102,0,0,0.56,174.95,141.73,39.44,108.39,49814,761200.00,15.28,10.69,
Casa Branca,SP,1989,-21.799796,-47.087518,655.48,0.1419,0.0171,26.1423,0.00000,0.0000,35.1306,1594.3575,0,0,0.56,174.95,141.73,39.44,108.39,11820,255815.84,21.64,15.14,
Itapetininga,SP,1989,-23.644648,-48.122936,668.28,0.1222,0.0389,18.8662,0.00000,0.0000,36.2056,1426.4696,0,0,0.56,174.95,141.73,39.44,108.39,800,16000.00,20.00,13.99,
Matao,SP,1989,-21.609602,-48.430162,582.56,0.1588,0.0436,24.1048,0.00000,0.0000,29.4754,1340.6617,0,0,0.56,174.95,141.73,39.44,108.39,13255,135080.00,10.19,7.13,
Santa Cruz Do Rio Pardo,SP,1989,-22.808644,-49.568133,542.29,0.1551,0.0576,20.8404,0.00000,0.0000,35.9800,1442.3783,0,0,0.56,174.95,141.73,39.44,108.39,24,480.00,20.00,13.99,
Votuporanga,SP,1989,-20.457345,-49.988931,466.76,0.1715,0.0304,31.8354,0.00000,0.0000,22.3793,1652.9548,0,0,0.56,174.95,141.73,39.44,108.39,1020,16000.00,15.69,10.97,
Frutal,MG,1990,-20.035218,-48.999708,513.89,0.1023,0.0184,26.0895,0.00000,0.0000,28.6589,1239.3168,0,0,0.64,156.50,129.29,38.93,123.48,6469,25811.36,3.99,2.47,
Avare,SP,1990,-23.073834,-48.894245,703.21,0.1844,0.0476,22.3261,0.00000,0.0000,43.3155,1315.0233,0,0,0.64,156.50,129.29,38.93,123.48,50,480.00,9.60,5.94,
Bebedouro,SP,1990,-20.939926,-48.510172,573.15,0.1599,0.0416,25.0253,0.00000,0.0000,29.2673,1311.8058,0,0,0.64,156.50,129.29,38.93,123.48,42440,611095.68,14.40,8.91,
Casa Branca,SP,1990,-21.799796,-47.087518,655.48,0.1381,0.0326,22.5359,0.00000,0.0000,35.1306,1407.7684,0,0,0.64,156.50,129.29,38.93,123.48,8992,215816.00,24.00,14.86,
Itapetininga,SP,1990,-23.644648,-48.122936,668.28,0.1471,0.0236,21.5386,0.00000,0.0000,36.2056,1382.8118,0,0,0.64,156.50,129.29,38.93,123.48,1200,19200.00,16.00,9.91,
Matao,SP,1990,-21.609602,-48.430162,582.56,0.1786,0.0672,21.1165,0.00000,0.0000,29.4754,1271.9471,0,0,0.64,156.50,129.29,38.93,123.48,9592,135060.00,14.08,8.72,
Santa Cruz Do Rio Pardo,SP,1990,-22.808644,-49.568133,542.29,0.2203,0.0820,23.0104,0.00000,0.0000,35.9800,1392.8460,0,0,0.64,156.50,129.29,38.93,123.48,40,640.00,16.00,9.91,
Votuporanga,SP,1990,-20.457345,-49.988931,466.76,0.1182,0.0614,22.5439,0.00000,0.0000,22.3793,1288.6321,0,0,0.64,156.50,129.29,38.93,123.48,1025,20500.00,20.00,12.38,
Frutal,MG,1991,-20.035218,-48.999708,513.89,0.0911,0.0181,28.2422,0.00000,0.0000,28.6589,1741.1267,0,0,0.64,164.40,139.88,37.85,114.47,6450,25800.00,4.00,2.59,
Avare,SP,1991,-23.073834,-48.894245,703.21,0.1469,0.0649,17.5270,0.00000,0.0000,43.3155,1473.2313,0,0,0.64,164.40,139.88,37.85,114.47,50,480.00,9.60,6.20,
Bebedouro,SP,1991,-20.939926,-48.510172,573.15,0.1353,0.0297,26.0244,0.00000,0.0000,29.2673,1513.3027,0,0,0.64,164.40,139.88,37.85,114.47,41000,520000.00,12.68,8.20,
Casa Branca,SP,1991,-21.799796,-47.087518,655.48,0.1112,0.0543,18.5699,0.00000,0.0000,35.1306,1581.3063,0,0,0.64,164.40,139.88,37.85,114.47,10172,240000.00,23.59,15.25,
Itapetininga,SP,1991,-23.644648,-48.122936,668.28,0.1046,0.0588,17.9526,0.00000,0.0000,36.2056,1560.0985,0,0,0.64,164.40,139.88,37.85,114.47,1200,19200.00,16.00,10.34,
Matao,SP,1991,-21.609602,-48.430162,582.56,0.1510,0.0799,24.0396,0.00000,0.0000,29.4754,1281.4289,0,0,0.64,164.40,139.88,37.85,114.47,11205,134460.00,12.00,7.76,
Santa Cruz Do Rio Pardo,SP,1991,-22.808644,-49.568133,542.29,0.1499,0.0980,12.5876,0.00000,0.0000,35.9800,1499.6360,0,0,0.64,164.40,139.88,37.85,114.47,40,640.00,16.00,10.34,
Votuporanga,SP,1991,-20.457345,-49.988931,466.76,0.1701,0.0433,28.6705,0.00000,0.0000,22.3793,1285.8582,0,0,0.64,164.40,139.88,37.85,114.47,1025,20500.00,20.00,12.93,
Frutal,MG,1992,-20.035218,-48.999708,513.89,0.1334,0.0577,25.3847,0.00000,0.0000,28.6589,1530.6563,0,0,0.59,128.25,168.96,38.46,129.93,6460,22739.20,3.52,1.51,
Avare,SP,1992,-23.073834,-48.894245,703.21,0.1526,0.0902,16.4791,0.00000,0.0000,43.3155,1397.1851,0,0,0.59,128.25,168.96,38.46,129.93,50,600.00,12.00,5.15,
Bebedouro,SP,1992,-20.939926,-48.510172,573.15,0.1326,0.0595,23.7523,0.00000,0.0000,29.2673,1575.4902,0,0,0.59,128.25,168.96,38.46,129.93,41000,611795.36,14.92,6.40,
Casa Branca,SP,1992,-21.799796,-47.087518,655.48,0.1501,0.0598,24.6999,0.00000,0.0000,35.1306,1466.6383,0,0,0.59,128.25,168.96,38.46,129.93,10569,253655.68,24.00,10.30,
Itapetininga,SP,1992,-23.644648,-48.122936,668.28,0.1336,0.1034,18.5023,0.00000,0.0000,36.2056,1288.4768,0,0,0.59,128.25,168.96,38.46,129.93,1200,19200.00,16.00,6.87,
Matao,SP,1992,-21.609602,-48.430162,582.56,0.1461,0.1081,12.2783,0.00000,0.0000,29.4754,1302.6121,0,0,0.59,128.25,168.96,38.46,129.93,10640,136192.00,12.80,5.49,
Santa Cruz Do Rio Pardo,SP,1992,-22.808644,-49.568133,542.29,0.1230,0.1035,16.1012,0.00000,0.0000,35.9800,1376.6732,0,0,0.59,128.25,168.96,38.46,129.93,40,640.00,16.00,6.87,
Votuporanga,SP,1992,-20.457345,-49.988931,466.76,0.1467,0.1386,20.6767,0.00000,0.0000,22.3793,1321.1868,0,0,0.59,128.25,168.96,38.46,129.93,1050,21000.00,20.00,8.58,
Frutal,MG,1993,-20.035218,-48.999708,513.89,0.0792,0.0622,29.6095,0.00000,0.0000,28.6589,1529.6415,0,0,0.50,120.41,140.94,37.75,133.93,6460,52361.92,8.11,3.55,
Avare,SP,1993,-23.073834,-48.894245,703.21,0.1846,0.0606,23.8215,0.00000,0.0000,43.3155,1554.0597,0,0,0.50,120.41,140.94,37.75,133.93,38,600.00,15.79,6.92,
Bebedouro,SP,1993,-20.939926,-48.510172,573.15,0.1652,0.0631,26.2093,0.00000,0.0000,29.2673,1343.7678,0,0,0.50,120.41,140.94,37.75,133.93,30769,544000.00,17.68,7.74,
Casa Branca,SP,1993,-21.799796,-47.087518,655.48,0.1583,0.0284,27.0667,0.00000,0.0000,35.1306,1389.7601,0,0,0.50,120.41,140.94,37.75,133.93,8108,168000.00,20.72,9.08,
Itapetininga,SP,1993,-23.644648,-48.122936,668.28,0.1316,0.0432,18.8654,0.00000,0.0000,36.2056,1334.8657,0,0,0.50,120.41,140.94,37.75,133.93,4,48000.00,12000.00,5256.61,
Matao,SP,1993,-21.609602,-48.430162,582.56,0.1833,0.0604,27.0018,0.00000,0.0000,29.4754,1445.6787,0,0,0.50,120.41,140.94,37.75,133.93,8185,153216.00,18.72,8.20,
Santa Cruz Do Rio Pardo,SP,1993,-22.808644,-49.568133,542.29,0.1850,0.0546,27.9705,0.00000,0.0000,35.9800,1590.1937,0,0,0.50,120.41,140.94,37.75,133.93,58,1200.00,20.69,9.06,
Votuporanga,SP,1993,-20.457345,-49.988931,466.76,0.1755,0.0498,27.6069,0.00000,0.0000,22.3793,1245.9806,0,0,0.50,120.41,140.94,37.75,133.93,1269,33000.00,26.00,11.39,
Frutal,MG,1994,-20.035218,-48.999708,513.89,0.0685,0.0163,21.9966,0.00000,0.0000,28.6589,1344.8854,1,0,0.49,102.26,99.10,36.49,130.37,7250,49056.00,6.77,3.02,
Avare,SP,1994,-23.073834,-48.894245,703.21,0.1468,0.0726,18.7500,0.00000,0.0000,43.3155,1369.0979,1,0,0.49,102.26,99.10,36.49,130.37,77,1200.00,15.58,6.94,
Bebedouro,SP,1994,-20.939926,-48.510172,573.15,0.1256,0.0413,20.6057,0.00000,0.0000,29.2673,1198.8123,1,0,0.49,102.26,99.10,36.49,130.37,30000,480000.00,16.00,7.13,
Casa Branca,SP,1994,-21.799796,-47.087518,655.48,0.1546,0.0463,23.7387,0.00000,0.0000,35.1306,1215.1398,1,0,0.49,102.26,99.10,36.49,130.37,10000,168000.00,16.80,7.49,
Itapetininga,SP,1994,-23.644648,-48.122936,668.28,0.1222,0.0382,20.3477,0.00000,0.0000,36.2056,1094.6670,1,0,0.49,102.26,99.10,36.49,130.37,10000,80000.00,8.00,3.57,
Matao,SP,1994,-21.609602,-48.430162,582.56,0.1568,0.0419,24.7838,0.00000,0.0000,29.4754,1245.4024,1,0,0.49,102.26,99.10,36.49,130.37,8185,128000.00,15.64,6.97,
Santa Cruz Do Rio Pardo,SP,1994,-22.808644,-49.568133,542.29,0.1304,0.0965,16.5670,0.00000,0.0000,35.9800,1381.8711,1,0,0.49,102.26,99.10,36.49,130.37,58,1080.00,18.62,8.30,
Votuporanga,SP,1994,-20.457345,-49.988931,466.76,0.1260,-0.0007,27.4619,0.00000,0.0000,22.3793,1290.1820,1,0,0.49,102.26,99.10,36.49,130.37,1462,24000.00,16.42,7.32,
Frutal,MG,1995,-20.035218,-48.999708,513.89,0.0792,0.0086,27.0825,0.00000,0.0000,28.6589,1356.7263,0,0,0.58,100.44,112.13,38.02,134.36,7438,64954.56,8.73,3.56,
Avare,SP,1995,-23.073834,-48.894245,703.21,0.1681,0.0657,20.9673,0.00000,0.0000,43.3155,1377.8715,0,0,0.58,100.44,112.13,38.02,134.36,77,1200.00,15.58,6.35,
Bebedouro,SP,1995,-20.939926,-48.510172,573.15,0.1648,0.0577,22.2812,0.00000,0.0000,29.2673,1473.7813,0,0,0.58,100.44,112.13,38.02,134.36,26846,560000.00,20.86,8.50,
Casa Branca,SP,1995,-21.799796,-47.087518,655.48,0.1398,0.0024,26.0491,0.00000,0.0000,35.1306,1537.4855,0,0,0.58,100.44,112.13,38.02,134.36,8000,176000.00,22.00,8.96,
Itapetininga,SP,1995,-23.644648,-48.122936,668.28,0.1231,0.0449,20.8971,0.00000,0.0000,36.2056,1354.8924,0,0,0.58,100.44,112.13,38.02,134.36,7692,120000.00,15.60,6.36,
Matao,SP,1995,-21.609602,-48.430162,582.56,0.1912,0.0440,25.2113,0.00000,0.0000,29.4754,1537.9346,0,0,0.58,100.44,112.13,38.02,134.36,8000,140000.00,17.50,7.13,
Santa Cruz Do Rio Pardo,SP,1995,-22.808644,-49.568133,542.29,0.1657,0.0610,21.9685,0.00000,0.0000,35.9800,1420.0128,0,0,0.58,100.44,112.13,38.02,134.36,1288,26800.00,20.81,8.48,
Votuporanga,SP,1995,-20.457345,-49.988931,466.76,0.1717,0.0490,21.8654,0.00000,0.0000,22.3793,1443.9593,0,0,0.58,100.44,112.13,38.02,134.36,1462,30400.00,20.79,8.47,
Frutal,MG,1996,-20.035218,-48.999708,513.89,0.0709,-0.0178,27.9299,0.00000,0.0000,28.6589,1414.8707,0,0,0.55,108.03,138.01,35.54,122.39,7438,74261.12,9.98,4.14,
Avare,SP,1996,-23.073834,-48.894245,703.21,0.1655,0.0573,19.6735,0.00000,0.0000,43.3155,1344.2888,0,0,0.55,108.03,138.01,35.54,122.39,1600,32000.00,20.00,8.30,
Bebedouro,SP,1996,-20.939926,-48.510172,573.15,0.1775,0.0840,24.8864,0.00000,0.0000,29.2673,1360.4755,0,0,0.55,108.03,138.01,35.54,122.39,29800,520000.00,17.45,7.24,
Casa Branca,SP,1996,-21.799796,-47.087518,655.48,0.1368,0.0482,21.7928,0.00000,0.0000,35.1306,1701.6908,0,0,0.55,108.03,138.01,35.54,122.39,18400,460000.00,25.00,10.37,
Itapetininga,SP,1996,-23.644648,-48.122936,668.28,0.1335,0.0630,17.4565,0.00000,0.0000,36.2056,1404.7711,0,0,0.55,108.03,138.01,35.54,122.39,11200,134400.00,12.00,4.98,
Matao,SP,1996,-21.609602,-48.430162,582.56,0.1831,0.0945,25.1870,0.00000,0.0000,29.4754,1317.4401,0,0,0.55,108.03,138.01,35.54,122.39,8440,168800.00,20.00,8.30,
Santa Cruz Do Rio Pardo,SP,1996,-22.808644,-49.568133,542.29,0.1314,0.0481,22.0352,0.00000,0.0000,35.9800,1424.2392,0,0,0.55,108.03,138.01,35.54,122.39,1340,26800.00,20.00,8.30,
Votuporanga,SP,1996,-20.457345,-49.988931,466.76,0.2578,0.0939,26.6321,0.00000,0.0000,22.3793,1345.9766,0,0,0.55,108.03,138.01,35.54,122.39,1520,24000.00,15.79,6.55,
Frutal,MG,1997,-20.035218,-48.999708,513.89,0.0674,-0.0171,32.7738,0.00000,0.0000,28.6589,1385.6412,0,0,0.53,116.15,170.45,36.64,124.77,9000,89856.00,9.98,3.93,
Avare,SP,1997,-23.073834,-48.894245,703.21,0.1830,0.0266,25.8851,0.00000,0.0000,43.3155,1502.3798,0,0,0.53,116.15,170.45,36.64,124.77,1538,32000.00,20.81,8.19,
Bebedouro,SP,1997,-20.939926,-48.510172,573.15,0.1704,0.0415,28.1284,0.00000,0.0000,29.2673,1361.9001,0,0,0.53,116.15,170.45,36.64,124.77,23212,411800.00,17.74,6.98,
Casa Branca,SP,1997,-21.799796,-47.087518,655.48,0.1492,0.0157,28.1745,0.00000,0.0000,35.1306,1464.7081,0,0,0.53,116.15,170.45,36.64,124.77,19231,500000.00,26.00,10.23,
Itapetininga,SP,1997,-23.644648,-48.122936,668.28,0.1303,0.0307,20.4756,0.00000,0.0000,36.2056,1464.2263,0,0,0.53,116.15,170.45,36.64,124.77,13846,158400.00,11.44,4.50,
Matao,SP,1997,-21.609602,-48.430162,582.56,0.1898,0.0355,26.4143,0.00000,0.0000,29.4754,1278.3910,0,0,0.53,116.15,170.45,36.64,124.77,11000,280000.00,25.45,10.01,
Santa Cruz Do Rio Pardo,SP,1997,-22.808644,-49.568133,542.29,0.1738,0.0322,27.6335,0.00000,0.0000,35.9800,1503.5505,0,0,0.53,116.15,170.45,36.64,124.77,2500,52000.00,20.80,8.18,
Votuporanga,SP,1997,-20.457345,-49.988931,466.76,0.1811,0.0495,27.0177,0.00000,0.0000,22.3793,1262.7808,0,0,0.53,116.15,170.45,36.64,124.77,1538,48000.00,31.21,12.28,
Frutal,MG,1998,-20.035218,-48.999708,513.89,0.0735,0.0313,30.7192,0.00000,0.0000,28.6589,1475.7185,0,0,0.54,75.42,136.74,37.82,130.93,3686,36800.96,9.98,2.81,
Avare,SP,1998,-23.073834,-48.894245,703.21,0.1270,0.0676,16.6792,0.00000,0.0000,43.3155,1576.7948,0,0,0.54,75.42,136.74,37.82,130.93,1000,20800.00,20.80,5.86,
Bebedouro,SP,1998,-20.939926,-48.510172,573.15,0.1406,0.0804,28.3797,0.00000,0.0000,29.2673,1425.1731,0,0,0.54,75.42,136.74,37.82,130.93,21115,359600.00,17.03,4.80,
Casa Branca,SP,1998,-21.799796,-47.087518,655.48,0.1371,0.0752,18.6174,0.00000,0.0000,35.1306,1346.2370,0,0,0.54,75.42,136.74,37.82,130.93,19231,400000.00,20.80,5.86,
Itapetininga,SP,1998,-23.644648,-48.122936,668.28,0.0999,0.0996,14.9245,0.00000,0.0000,36.2056,1384.2640,0,0,0.54,75.42,136.74,37.82,130.93,14038,219000.00,15.60,4.40,
Matao,SP,1998,-21.609602,-48.430162,582.56,0.1390,0.0161,27.7310,0.00000,0.0000,29.4754,1241.2755,0,0,0.54,75.42,136.74,37.82,130.93,13278,207239.36,15.61,4.40,
Santa Cruz Do Rio Pardo,SP,1998,-22.808644,-49.568133,542.29,0.1127,0.0687,18.1109,0.00000,0.0000,35.9800,1635.8545,0,0,0.54,75.42,136.74,37.82,130.93,3846,60000.00,15.60,4.40,
Votuporanga,SP,1998,-20.457345,-49.988931,466.76,0.1801,0.0988,24.6710,0.00000,0.0000,22.3793,1351.6716,0,0,0.54,75.42,136.74,37.82,130.93,1346,28000.00,20.80,5.86,
Frutal,MG,1999,-20.035218,-48.999708,513.89,0.0603,-0.0051,28.8864,0.00000,0.0000,28.6589,1069.3711,0,0,0.54,106.59,101.27,39.55,136.91,2566,25618.88,9.98,4.47,
Avare,SP,1999,-23.073834,-48.894245,703.21,0.1451,0.0209,24.4764,0.00000,0.0000,43.3155,1243.2698,0,0,0.54,106.59,101.27,39.55,136.91,1000,20800.00,20.80,9.31,
Bebedouro,SP,1999,-20.939926,-48.510172,573.15,0.1120,0.0437,28.9712,0.00000,0.0000,29.2673,1198.6226,0,0,0.54,106.59,101.27,39.55,136.91,23077,360000.00,15.60,6.98,
Casa Branca,SP,1999,-21.799796,-47.087518,655.48,0.1228,0.0239,28.3918,0.00000,0.0000,35.1306,1352.0001,0,0,0.54,106.59,101.27,39.55,136.91,19231,320000.00,16.64,7.45,
Itapetininga,SP,1999,-23.644648,-48.122936,668.28,0.1486,0.0070,26.0787,0.00000,0.0000,36.2056,1095.1094,0,0,0.54,106.59,101.27,39.55,136.91,14154,294400.00,20.80,9.31,
Matao,SP,1999,-21.609602,-48.430162,582.56,0.1331,0.0479,28.3327,0.00000,0.0000,29.4754,1306.9256,0,0,0.54,106.59,101.27,39.55,136.91,14323,297934.24,20.80,9.31,
Santa Cruz Do Rio Pardo,SP,1999,-22.808644,-49.568133,542.29,0.1147,0.0316,23.3088,0.00000,0.0000,35.9800,1288.7309,0,0,0.54,106.59,101.27,39.55,136.91,3846,120000.00,31.20,13.96,
Votuporanga,SP,1999,-20.457345,-49.988931,466.76,0.1203,0.0002,32.9897,0.00000,0.0000,22.3793,1178.6731,0,0,0.54,106.59,101.27,39.55,136.91,1346,35000.00,26.00,11.64,
Frutal,MG,2000,-20.035218,-48.999708,513.89,0.0980,-0.0149,32.3988,0.00000,0.0000,28.6589,1576.5790,0,0,0.46,88.51,81.82,53.11,139.59,3000,29952.00,9.98,3.99,
Avare,SP,2000,-23.073834,-48.894245,703.21,0.1259,0.0246,25.5620,0.00000,0.0000,43.3155,1285.2302,0,0,0.46,88.51,81.82,53.11,139.59,813,41600.00,51.17,20.45,
Bebedouro,SP,2000,-20.939926,-48.510172,573.15,0.1313,0.0187,28.1945,0.00000,0.0000,29.2673,1355.6330,0,0,0.46,88.51,81.82,53.11,139.59,16875,345600.00,20.48,8.19,
Casa Branca,SP,2000,-21.799796,-47.087518,655.48,0.1318,0.0274,25.5572,0.00000,0.0000,35.1306,1653.5006,0,0,0.46,88.51,81.82,53.11,139.59,15625,400000.00,25.60,10.23,
Itapetininga,SP,2000,-23.644648,-48.122936,668.28,0.1257,0.0375,22.2919,0.00000,0.0000,36.2056,1125.3368,0,0,0.46,88.51,81.82,53.11,139.59,11469,308280.32,26.88,10.75,
Matao,SP,2000,-21.609602,-48.430162,582.56,0.1231,-0.0079,29.4969,0.00000,0.0000,29.4754,1387.4098,0,0,0.46,88.51,81.82,53.11,139.59,13119,335839.20,25.60,10.23,
Santa Cruz Do Rio Pardo,SP,2000,-22.808644,-49.568133,542.29,0.1040,0.0296,25.9198,0.00000,0.0000,35.9800,1443.5760,0,0,0.46,88.51,81.82,53.11,139.59,3125,120000.00,38.40,15.35,
Votuporanga,SP,2000,-20.457345,-49.988931,466.76,0.1400,0.0239,28.0022,0.00000,0.0000,22.3793,1499.2786,0,0,0.46,88.51,81.82,53.11,139.59,1094,28000.00,25.59,10.23,
Frutal,MG,2001,-20.035218,-48.999708,513.89,0.1104,0.0369,29.4272,0.00000,4405.9301,28.6589,1270.3627,0,0,0.78,77.52,126.85,55.30,141.40,5900,103545.00,17.55,5.07,
Avare,SP,2001,-23.073834,-48.894245,703.21,0.1570,0.0537,25.8146,0.00000,7595.3838,43.3155,1491.0695,0,0,0.78,77.52,126.85,55.30,141.40,813,22432.00,27.59,7.97,
Bebedouro,SP,2001,-20.939926,-48.510172,573.15,0.1736,0.0967,27.8780,0.00000,5010.6718,29.2673,1323.3956,0,0,0.78,77.52,126.85,55.30,141.40,15750,308455.00,19.58,5.66,
Casa Branca,SP,2001,-21.799796,-47.087518,655.48,0.1465,0.0698,25.2760,0.00000,7319.6078,35.1306,1309.7285,0,0,0.78,77.52,126.85,55.30,141.40,11500,408000.00,35.48,10.25,
Itapetininga,SP,2001,-23.644648,-48.122936,668.28,0.1628,0.0604,20.7288,0.00000,8070.2419,36.2056,1431.0613,0,0,0.78,77.52,126.85,55.30,141.40,11406,294400.00,25.81,7.46,
Matao,SP,2001,-21.609602,-48.430162,582.56,0.1438,0.0319,29.3699,0.00000,6208.6737,29.4754,1320.1883,0,0,0.78,77.52,126.85,55.30,141.40,8495,248030.00,29.20,8.44,
Santa Cruz Do Rio Pardo,SP,2001,-22.808644,-49.568133,542.29,0.1427,0.0590,26.6554,0.00000,6763.9029,35.9800,1500.0624,0,0,0.78,77.52,126.85,55.30,141.40,2580,58000.00,22.48,6.50,
Votuporanga,SP,2001,-20.457345,-49.988931,466.76,0.1522,0.0382,28.6687,0.00000,4881.8491,22.3793,1228.3129,0,0,0.78,77.52,126.85,55.30,141.40,1094,24480.00,22.38,6.47,
Frutal,MG,2002,-20.035218,-48.999708,513.89,0.0977,0.0201,29.8819,0.00000,4318.8548,28.6589,1351.2582,0,0,0.75,80.45,125.95,57.46,146.91,9809,196180.00,20.00,5.90,
Avare,SP,2002,-23.073834,-48.894245,703.21,0.1863,0.0490,27.7038,0.00000,7476.1195,43.3155,1283.8521,0,0,0.75,80.45,125.95,57.46,146.91,1300,42432.00,32.64,9.62,
Bebedouro,SP,2002,-20.939926,-48.510172,573.15,0.1571,0.0577,29.1567,0.00000,5122.3002,29.2673,1382.7688,0,0,0.75,80.45,125.95,57.46,146.91,16406,382025.00,23.29,6.87,
Casa Branca,SP,2002,-21.799796,-47.087518,655.48,0.1600,0.0310,27.1154,0.00000,7245.5674,35.1306,1339.8630,0,0,0.75,80.45,125.95,57.46,146.91,3700,408000.00,110.27,32.51,
Itapetininga,SP,2002,-23.644648,-48.122936,668.28,0.1805,0.0406,25.6977,0.00000,8007.1767,36.2056,1254.6631,0,0,0.75,80.45,125.95,57.46,146.91,12000,296000.00,24.67,7.27,
Matao,SP,2002,-21.609602,-48.430162,582.56,0.1740,0.0355,31.1433,0.00000,6098.0868,29.4754,1305.6565,0,0,0.75,80.45,125.95,57.46,146.91,10000,237921.00,23.79,7.01,
Santa Cruz Do Rio Pardo,SP,2002,-22.808644,-49.568133,542.29,0.1572,0.0523,28.5040,0.00000,6163.2432,35.9800,1401.6070,0,0,0.75,80.45,125.95,57.46,146.91,2300,78950.00,34.33,10.12,
Votuporanga,SP,2002,-20.457345,-49.988931,466.76,0.1858,0.0459,31.3609,0.00000,4668.9063,22.3793,1136.2471,0,0,0.75,80.45,125.95,57.46,146.91,1456,30600.00,21.02,6.20,
Frutal,MG,2003,-20.035218,-48.999708,513.89,0.1203,0.0019,32.4944,0.00000,4988.7488,28.6589,1595.4148,0,0,0.86,94.57,124.76,58.14,148.65,9809,196180.00,20.00,6.92,
Avare,SP,2003,-23.073834,-48.894245,703.21,0.1419,0.0201,27.7180,0.00000,7116.2322,43.3155,1286.9371,0,0,0.86,94.57,124.76,58.14,148.65,4800,143384.00,29.87,10.33,
Bebedouro,SP,2003,-20.939926,-48.510172,573.15,0.1335,0.0225,28.5977,0.00000,5760.4252,29.2673,1289.5045,0,0,0.86,94.57,124.76,58.14,148.65,18440,347460.00,18.84,6.52,
Casa Branca,SP,2003,-21.799796,-47.087518,655.48,0.1619,0.0394,30.2679,0.00000,7150.5376,35.1306,1320.2637,0,0,0.86,94.57,124.76,58.14,148.65,16000,270504.00,16.91,5.85,
Itapetininga,SP,2003,-23.644648,-48.122936,668.28,0.1606,0.0423,24.9414,0.00000,7573.2900,36.2056,1241.5245,0,0,0.86,94.57,124.76,58.14,148.65,11904,297600.00,25.00,8.65,
Matao,SP,2003,-21.609602,-48.430162,582.56,0.1391,0.0404,31.0228,0.00000,6507.7093,29.4754,1337.4292,0,0,0.86,94.57,124.76,58.14,148.65,10250,335175.00,32.70,11.31,
Santa Cruz Do Rio Pardo,SP,2003,-22.808644,-49.568133,542.29,0.1245,0.0142,26.5731,0.00000,5917.7879,35.9800,1265.0949,0,0,0.86,94.57,124.76,58.14,148.65,4072,79968.00,19.64,6.79,
Votuporanga,SP,2003,-20.457345,-49.988931,466.76,0.1213,0.0330,28.5196,0.00000,5228.2436,22.3793,1276.7215,0,0,0.86,94.57,124.76,58.14,148.65,906,17748.00,19.59,6.78,
Frutal,MG,2004,-20.035218,-48.999708,513.89,0.1116,0.0126,29.2783,0.00000,5370.4903,28.6589,1317.4265,0,0,1.01,78.64,173.56,55.26,141.30,8500,153000.00,18.00,4.50,
Avare,SP,2004,-23.073834,-48.894245,703.21,0.1488,0.0568,24.2136,0.00000,7284.1589,43.3155,1312.4848,0,0,1.01,78.64,173.56,55.26,141.30,3762,150596.00,40.03,10.00,
Bebedouro,SP,2004,-20.939926,-48.510172,573.15,0.1550,0.0463,27.2901,0.00000,6078.9829,29.2673,1397.9569,0,1,1.01,78.64,173.56,55.26,141.30,15968,345191.00,21.62,5.40,
Casa Branca,SP,2004,-21.799796,-47.087518,655.48,0.1676,0.0660,26.1007,0.00000,7842.0956,35.1306,1536.0681,0,0,1.01,78.64,173.56,55.26,141.30,12283,352535.00,28.70,7.17,
Itapetininga,SP,2004,-23.644648,-48.122936,668.28,0.1403,0.0641,19.8393,0.00000,7366.7406,36.2056,1228.0947,0,0,1.01,78.64,173.56,55.26,141.30,11423,311044.00,27.23,6.80,
Matao,SP,2004,-21.609602,-48.430162,582.56,0.1854,0.0285,30.2199,0.00000,6728.8167,29.4754,1276.3840,0,1,1.01,78.64,173.56,55.26,141.30,11005,441379.00,40.11,10.02,
Santa Cruz Do Rio Pardo,SP,2004,-22.808644,-49.568133,542.29,0.1402,0.0595,25.2250,0.00000,6718.5434,35.9800,1272.9003,0,0,1.01,78.64,173.56,55.26,141.30,3685,75479.00,20.48,5.12,
Votuporanga,SP,2004,-20.457345,-49.988931,466.76,0.1327,0.0348,29.4479,0.00000,5562.1801,22.3793,1167.0211,0,0,1.01,78.64,173.56,55.26,141.30,1118,28813.00,25.77,6.44,
Frutal,MG,2005,-20.035218,-48.999708,513.89,0.1358,0.0192,30.1199,0.00000,5167.1806,28.6589,1273.9124,0,0,1.00,68.12,205.71,51.75,147.65,6500,130000.00,20.00,3.86,
Avare,SP,2005,-23.073834,-48.894245,703.21,0.1611,0.0354,26.7228,0.00000,7686.2315,43.3155,1324.1473,0,0,1.00,68.12,205.71,51.75,147.65,2014,80560.00,40.00,7.71,
Bebedouro,SP,2005,-20.939926,-48.510172,573.15,0.1582,0.0467,28.1373,0.00000,6502.5348,29.2673,1213.4466,0,1,1.00,68.12,205.71,51.75,147.65,15344,311745.00,20.32,3.92,
Casa Branca,SP,2005,-21.799796,-47.087518,655.48,0.1704,0.0421,28.6661,0.00000,8442.3539,35.1306,1315.3839,0,0,1.00,68.12,205.71,51.75,147.65,13906,399830.00,28.75,5.54,
Itapetininga,SP,2005,-23.644648,-48.122936,668.28,0.1515,0.0506,23.2785,0.00000,7416.6449,36.2056,1278.0302,0,0,1.00,68.12,205.71,51.75,147.65,11050,278989.00,25.25,4.87,
Matao,SP,2005,-21.609602,-48.430162,582.56,0.1670,0.0277,29.0155,0.00000,6973.7592,29.4754,1198.5921,0,1,1.00,68.12,205.71,51.75,147.65,11412,447707.00,39.23,7.56,
Santa Cruz Do Rio Pardo,SP,2005,-22.808644,-49.568133,542.29,0.1333,0.0415,27.2573,0.00000,6641.6634,35.9800,1569.1528,0,0,1.00,68.12,205.71,51.75,147.65,3596,76561.00,21.29,4.10,
Votuporanga,SP,2005,-20.457345,-49.988931,466.76,0.1625,0.0352,31.6115,0.00000,5625.5580,22.3793,1221.6346,0,0,1.00,68.12,205.71,51.75,147.65,1243,34320.00,27.61,5.32,
Frutal,MG,2006,-20.035218,-48.999708,513.89,0.1359,0.0252,30.8410,0.00000,5684.1540,28.6589,1608.4689,0,0,0.92,100.18,247.84,50.17,176.74,6500,130000.00,20.00,4.72,
Avare,SP,2006,-23.073834,-48.894245,703.21,0.1481,0.0205,27.3050,0.00000,7242.1292,43.3155,1165.3440,0,0,0.92,100.18,247.84,50.17,176.74,2100,84000.00,40.00,9.44,
Bebedouro,SP,2006,-20.939926,-48.510172,573.15,0.1493,0.0190,30.9132,0.00000,6092.4449,29.2673,1403.3758,0,1,0.92,100.18,247.84,50.17,176.74,15350,346800.00,22.59,5.33,
Casa Branca,SP,2006,-21.799796,-47.087518,655.48,0.1478,0.0434,26.9508,0.00000,7368.8852,35.1306,1370.7580,0,0,0.92,100.18,247.84,50.17,176.74,13458,399830.00,29.71,7.01,
Itapetininga,SP,2006,-23.644648,-48.122936,668.28,0.1468,0.0281,24.1637,0.00000,7872.4613,36.2056,1223.1317,0,0,0.92,100.18,247.84,50.17,176.74,11250,252150.00,22.41,5.29,
Matao,SP,2006,-21.609602,-48.430162,582.56,0.1251,-0.0015,31.8744,0.00000,6234.1400,29.4754,1322.7526,0,1,0.92,100.18,247.84,50.17,176.74,11412,447707.00,39.23,9.26,
Santa Cruz Do Rio Pardo,SP,2006,-22.808644,-49.568133,542.29,0.1312,0.0175,29.7934,0.00000,6152.6467,35.9800,1217.2665,0,0,0.92,100.18,247.84,50.17,176.74,3596,76570.00,21.29,5.02,
Votuporanga,SP,2006,-20.457345,-49.988931,466.76,0.1913,0.0216,31.6141,0.00000,5651.5476,22.3793,1329.5583,0,0,0.92,100.18,247.84,50.17,176.74,1258,35925.00,28.56,6.74,
Frutal,MG,2007,-20.035218,-48.999708,513.89,0.1495,0.0385,32.3715,0.00000,5184.8471,28.6589,1321.1626,0,0,1.00,165.92,247.01,48.93,198.30,6500,130000.00,20.00,7.45,
Avare,SP,2007,-23.073834,-48.894245,703.21,0.1681,0.0259,27.6566,0.00000,7600.4061,43.3155,1430.6622,0,0,1.00,165.92,247.01,48.93,198.30,200,13056.00,65.28,24.32,
Bebedouro,SP,2007,-20.939926,-48.510172,573.15,0.1748,0.0583,28.4021,0.00000,5757.8884,29.2673,1278.5461,0,1,1.00,165.92,247.01,48.93,198.30,16290,350251.00,21.50,8.01,
Casa Branca,SP,2007,-21.799796,-47.087518,655.48,0.1780,0.0544,27.0977,0.00000,7907.9071,35.1306,1308.1205,0,0,1.00,165.92,247.01,48.93,198.30,20000,586000.00,29.30,10.92,
Itapetininga,SP,2007,-23.644648,-48.122936,668.28,0.1514,0.0286,25.0708,0.00000,8078.7067,36.2056,1311.5587,0,0,1.00,165.92,247.01,48.93,198.30,12700,276860.00,21.80,8.12,
Matao,SP,2007,-21.609602,-48.430162,582.56,0.2104,0.0637,28.7346,0.00000,6781.5209,29.4754,1481.4288,0,1,1.00,165.92,247.01,48.93,198.30,12900,387000.00,30.00,11.18,
Santa Cruz Do Rio Pardo,SP,2007,-22.808644,-49.568133,542.29,0.1423,0.0164,28.7081,0.00000,6450.5393,35.9800,1399.3936,0,0,1.00,165.92,247.01,48.93,198.30,3600,84484.00,23.47,8.74,
Votuporanga,SP,2007,-20.457345,-49.988931,466.76,0.1736,0.0400,29.8622,0.00000,5553.9975,22.3793,1359.2230,0,0,1.00,165.92,247.01,48.93,198.30,1094,37126.00,33.94,12.64,
Frutal,MG,2008,-20.035218,-48.999708,513.89,0.1288,-0.0122,31.9584,0.00000,5254.9560,28.6589,1474.9938,0,0,1.08,153.77,321.81,54.51,204.77,6500,130000.00,20.00,5.84,
Avare,SP,2008,-23.073834,-48.894245,703.21,0.1659,0.0563,24.2582,0.00000,7655.4078,43.3155,1250.4168,0,0,1.08,153.77,321.81,54.51,204.77,2100,84000.00,40.00,11.68,
Bebedouro,SP,2008,-20.939926,-48.510172,573.15,0.1418,0.0208,31.0122,0.00000,5738.2677,29.2673,1292.6057,0,1,1.08,153.77,321.81,54.51,204.77,17320,346800.00,20.02,5.85,
Casa Branca,SP,2008,-21.799796,-47.087518,655.48,0.1657,0.0607,27.0112,0.00000,7440.1605,35.1306,1346.1524,0,0,1.08,153.77,321.81,54.51,204.77,18750,489600.00,26.11,7.62,
Itapetininga,SP,2008,-23.644648,-48.122936,668.28,0.1540,0.0554,21.8241,0.00000,7332.9908,36.2056,1174.9346,0,0,1.08,153.77,321.81,54.51,204.77,11300,265550.00,23.50,6.86,
Matao,SP,2008,-21.609602,-48.430162,582.56,0.1728,0.0642,29.1234,0.00000,6560.3578,29.4754,1183.2280,0,1,1.08,153.77,321.81,54.51,204.77,12910,387300.00,30.00,8.76,
Santa Cruz Do Rio Pardo,SP,2008,-22.808644,-49.568133,542.29,0.1649,0.0454,27.7108,0.00000,6689.2912,35.9800,1274.4327,0,0,1.08,153.77,321.81,54.51,204.77,3600,84484.00,23.47,6.85,
Votuporanga,SP,2008,-20.457345,-49.988931,466.76,0.1945,0.0807,27.9921,0.00000,6437.7037,22.3793,1311.1746,0,0,1.08,153.77,321.81,54.51,204.77,1258,35925.00,28.56,8.34,
Frutal,MG,2009,-20.035218,-48.999708,513.89,0.1378,0.0735,22.8072,0.00000,6868.2149,28.6589,1776.4106,0,0,0.94,103.31,500.81,236.06,443.42,6500,195000.00,30.00,3.28,
Avare,SP,2009,-23.073834,-48.894245,703.21,0.1494,0.0889,18.8417,0.00000,8483.0658,43.3155,1872.1121,0,0,0.94,103.31,500.81,236.06,443.42,2400,78336.00,32.64,3.57,
Bebedouro,SP,2009,-20.939926,-48.510172,573.15,0.1453,0.1052,15.1947,0.00000,7059.4205,29.2673,1651.7764,0,1,0.94,103.31,500.81,236.06,443.42,17320,350251.00,20.22,2.21,
Casa Branca,SP,2009,-21.799796,-47.087518,655.48,0.1544,0.0928,19.7882,0.00000,8248.4239,35.1306,1842.7845,0,0,0.94,103.31,500.81,236.06,443.42,18750,489600.00,26.11,2.86,
Itapetininga,SP,2009,-23.644648,-48.122936,668.28,0.1555,0.0833,20.4076,0.00000,7993.2100,36.2056,1648.6447,0,0,0.94,103.31,500.81,236.06,443.42,11300,278432.00,24.64,2.70,
Matao,SP,2009,-21.609602,-48.430162,582.56,0.1412,0.0590,20.2768,0.00000,7778.7153,29.4754,1643.6460,0,1,0.94,103.31,500.81,236.06,443.42,12910,387300.00,30.00,3.28,
Santa Cruz Do Rio Pardo,SP,2009,-22.808644,-49.568133,542.29,0.1437,0.0804,23.5473,0.00000,7376.4221,35.9800,1769.6694,0,0,0.94,103.31,500.81,236.06,443.42,3800,89300.00,23.50,2.57,
Votuporanga,SP,2009,-20.457345,-49.988931,466.76,0.1767,0.0682,27.2554,0.00000,7304.8937,22.3793,1631.7525,0,0,0.94,103.31,500.81,236.06,443.42,1315,36800.00,27.98,3.06,
Frutal,MG,2010,-20.035218,-48.999708,513.89,0.1325,0.0051,32.2437,0.00000,6857.4559,28.6589,1252.0186,0,0,1.03,91.41,260.29,230.92,578.97,6500,195000.00,30.00,3.27,
Avare,SP,2010,-23.073834,-48.894245,703.21,0.1532,0.0425,23.9625,0.00000,7892.7133,43.3155,1235.5365,0,0,1.03,91.41,260.29,230.92,578.97,3200,159680.00,49.90,5.44,
Bebedouro,SP,2010,-20.939926,-48.510172,573.15,0.1706,0.0454,29.4608,0.00000,6900.7266,29.2673,1257.2290,0,1,1.03,91.41,260.29,230.92,578.97,17320,350251.00,20.22,2.20,
Casa Branca,SP,2010,-21.799796,-47.087518,655.48,0.1738,0.0654,28.8526,0.00000,8440.9643,35.1306,1240.0084,0,0,1.03,91.41,260.29,230.92,578.97,13000,530400.00,40.80,4.44,
Itapetininga,SP,2010,-23.644648,-48.122936,668.28,0.1761,0.0490,23.7332,0.00000,7984.6098,36.2056,1345.1981,0,0,1.03,91.41,260.29,230.92,578.97,12700,292100.00,23.00,2.51,
Matao,SP,2010,-21.609602,-48.430162,582.56,0.1576,0.0286,30.1396,0.00000,7494.3390,29.4754,1212.8882,0,1,1.03,91.41,260.29,230.92,578.97,13060,322750.00,24.71,2.69,
Santa Cruz Do Rio Pardo,SP,2010,-22.808644,-49.568133,542.29,0.1595,0.0415,29.4600,0.00000,6569.9324,35.9800,1133.9264,0,0,1.03,91.41,260.29,230.92,578.97,4050,88999.00,21.98,2.39,
Votuporanga,SP,2010,-20.457345,-49.988931,466.76,0.1539,0.0592,26.3818,0.00000,6568.6923,22.3793,1048.3719,0,0,1.03,91.41,260.29,230.92,578.97,1533,46920.00,30.61,3.33,
Frutal,MG,2011,-20.035218,-48.999708,513.89,0.1499,0.0194,33.0849,0.00000,6495.6630,28.6589,1656.9797,0,0,0.80,147.08,288.90,105.31,332.15,6500,195000.00,30.00,7.10,
Avare,SP,2011,-23.073834,-48.894245,703.21,0.1555,0.0508,25.0663,0.00000,8262.3734,43.3155,1295.1504,0,1,0.80,147.08,288.90,105.31,332.15,3000,140760.00,46.92,11.11,
Bebedouro,SP,2011,-20.939926,-48.510172,573.15,0.1893,0.0504,30.7383,0.00000,6260.7276,29.2673,1490.5202,0,2,0.80,147.08,288.90,105.31,332.15,14800,344544.00,23.28,5.51,
Casa Branca,SP,2011,-21.799796,-47.087518,655.48,0.1764,0.0555,27.5602,0.00000,7137.4135,35.1306,1681.4979,0,0,0.80,147.08,288.90,105.31,332.15,18750,487500.00,26.00,6.16,
Itapetininga,SP,2011,-23.644648,-48.122936,668.28,0.1563,0.0521,20.8332,0.00000,7452.4192,36.2056,1168.6054,0,1,0.80,147.08,288.90,105.31,332.15,11900,339150.00,28.50,6.75,
Matao,SP,2011,-21.609602,-48.430162,582.56,0.1603,0.0099,30.6856,0.00000,7001.9699,29.4754,1487.6995,0,2,0.80,147.08,288.90,105.31,332.15,8240,203635.00,24.71,5.85,
Santa Cruz Do Rio Pardo,SP,2011,-22.808644,-49.568133,542.29,0.1460,0.0353,30.1333,0.00000,7146.1396,35.9800,1274.3889,0,1,0.80,147.08,288.90,105.31,332.15,4050,85905.00,21.21,5.02,
Votuporanga,SP,2011,-20.457345,-49.988931,466.76,0.1768,0.0688,27.0301,0.00000,6282.3704,22.3793,1519.5973,0,0,0.80,147.08,288.90,105.31,332.15,1150,41820.00,36.37,8.61,
Frutal,MG,2012,-20.035218,-48.999708,513.89,0.1576,0.0309,33.3395,0.00000,6880.9815,28.6589,1311.8051,0,0,0.79,176.35,359.26,147.29,353.77,8100,243000.00,30.00,7.42,
Avare,SP,2012,-23.073834,-48.894245,703.21,0.1666,0.0651,28.3941,0.00000,9075.7692,43.3155,1677.8466,0,1,0.79,176.35,359.26,147.29,353.77,3000,117504.00,39.17,9.69,
Bebedouro,SP,2012,-20.939926,-48.510172,573.15,0.2093,0.0723,31.1763,0.00000,6856.8248,29.2673,1422.0075,0,2,0.79,176.35,359.26,147.29,353.77,9850,326570.00,33.15,8.20,
Casa Branca,SP,2012,-21.799796,-47.087518,655.48,0.1548,0.0679,26.5920,0.00000,8351.9671,35.1306,1538.9408,0,0,0.79,176.35,359.26,147.29,353.77,15294,693690.00,45.36,11.22,
Itapetininga,SP,2012,-23.644648,-48.122936,668.28,0.1695,0.0560,27.3171,0.00000,9121.2047,36.2056,1574.2391,0,1,0.79,176.35,359.26,147.29,353.77,13636,392716.00,28.80,7.12,
Matao,SP,2012,-21.609602,-48.430162,582.56,0.2169,0.0845,30.4235,0.00000,7567.8301,29.4754,1310.7758,0,2,0.79,176.35,359.26,147.29,353.77,8240,206000.00,25.00,6.18,
Santa Cruz Do Rio Pardo,SP,2012,-22.808644,-49.568133,542.29,0.1491,0.0850,27.1661,0.00000,8031.4387,35.9800,1691.8186,0,1,0.79,176.35,359.26,147.29,353.77,3768,166830.00,44.28,10.95,
Votuporanga,SP,2012,-20.457345,-49.988931,466.76,0.2135,0.0599,29.0993,0.00000,6928.5962,22.3793,1257.0598,0,0,0.79,176.35,359.26,147.29,353.77,1000,40800.00,40.80,10.09,
Frutal,MG,2013,-20.035218,-48.999708,513.89,0.1700,0.0757,27.0206,0.00000,6071.3416,28.6589,1304.1676,0,0,0.88,135.79,361.61,167.76,422.19,9100,182000.00,20.00,3.46,
Avare,SP,2013,-23.073834,-48.894245,703.21,0.1572,0.0615,24.8397,0.00000,7964.5324,43.3155,1435.7702,0,1,0.88,135.79,361.61,167.76,422.19,3000,117504.00,39.17,6.79,
Bebedouro,SP,2013,-20.939926,-48.510172,573.15,0.1652,0.0557,29.0934,0.00000,6714.7421,29.2673,1421.8283,0,2,0.88,135.79,361.61,167.76,422.19,8000,269688.00,33.71,5.84,
Casa Branca,SP,2013,-21.799796,-47.087518,655.48,0.1859,0.0788,27.1371,0.00000,8111.4638,35.1306,1500.4582,0,0,0.88,135.79,361.61,167.76,422.19,12999,693690.00,53.36,9.25,
Itapetininga,SP,2013,-23.644648,-48.122936,668.28,0.1764,0.0598,23.2231,0.00000,7735.6194,36.2056,1377.5902,0,1,0.88,135.79,361.61,167.76,422.19,13636,385000.00,28.23,4.89,
Matao,SP,2013,-21.609602,-48.430162,582.56,0.1760,0.0554,29.1203,0.00000,6805.2557,29.4754,1375.9928,0,2,0.88,135.79,361.61,167.76,422.19,6470,161750.00,25.00,4.33,
Santa Cruz Do Rio Pardo,SP,2013,-22.808644,-49.568133,542.29,0.1624,0.0731,23.7931,0.00000,7183.2875,35.9800,1555.9413,0,1,0.88,135.79,361.61,167.76,422.19,4000,225000.00,56.25,9.74,
Votuporanga,SP,2013,-20.457345,-49.988931,466.76,0.1653,0.0605,27.6990,0.00000,6819.1091,22.3793,1213.3844,0,0,0.88,135.79,361.61,167.76,422.19,843,28560.00,33.88,5.87,
Frutal,MG,2014,-20.035218,-48.999708,513.89,0.1667,0.0277,32.2090,0.00000,6062.4747,28.6589,1289.0907,1,0,0.72,134.54,309.44,115.10,359.91,9800,196000.00,20.00,4.02,
Avare,SP,2014,-23.073834,-48.894245,703.21,0.1772,0.0790,25.7751,0.00000,8689.4415,43.3155,1395.3870,1,1,0.72,134.54,309.44,115.10,359.91,3000,117504.00,39.17,7.87,
Bebedouro,SP,2014,-20.939926,-48.510172,573.15,0.2048,0.0630,31.9526,0.00000,6251.6090,29.2673,1107.0646,1,2,0.72,134.54,309.44,115.10,359.91,7250,227745.00,31.41,6.31,
Casa Branca,SP,2014,-21.799796,-47.087518,655.48,0.1889,0.0807,28.1692,0.00000,7935.7745,35.1306,1167.2912,1,0,0.72,134.54,309.44,115.10,359.91,12999,693690.00,53.36,10.73,
Itapetininga,SP,2014,-23.644648,-48.122936,668.28,0.1680,0.1031,16.4016,0.00000,8168.1622,36.2056,1328.9980,1,1,0.72,134.54,309.44,115.10,359.91,13700,380000.00,27.74,5.58,
Matao,SP,2014,-21.609602,-48.430162,582.56,0.1598,0.0313,32.7034,0.00000,6937.8125,29.4754,1138.9037,1,2,0.72,134.54,309.44,115.10,359.91,12400,322400.00,26.00,5.23,
Santa Cruz Do Rio Pardo,SP,2014,-22.808644,-49.568133,542.29,0.1997,0.0632,27.3281,0.00000,7442.3067,35.9800,1435.9590,1,1,0.72,134.54,309.44,115.10,359.91,4021,177100.00,44.04,8.85,
Votuporanga,SP,2014,-20.457345,-49.988931,466.76,0.1725,0.0485,28.9968,0.00000,6006.9809,22.3793,1281.5128,1,0,0.72,134.54,309.44,115.10,359.91,892,20400.00,22.87,4.60,
Frutal,MG,2015,-20.035218,-48.999708,513.89,0.1800,0.0686,31.5876,0.22940,7074.9062,28.6589,1513.7960,1,0,0.69,147.99,284.93,102.04,274.02,7800,184200.00,23.62,6.25,
Avare,SP,2015,-23.073834,-48.894245,703.21,0.1584,0.1027,18.0559,0.15020,7809.5264,43.3155,1616.7746,1,1,0.69,147.99,284.93,102.04,274.02,3000,91800.00,30.60,8.10,
Bebedouro,SP,2015,-20.939926,-48.510172,573.15,0.1869,0.0776,30.0457,0.11880,6834.2883,29.2673,1378.1015,1,2,0.69,147.99,284.93,102.04,274.02,7125,174236.00,24.45,6.47,
Casa Branca,SP,2015,-21.799796,-47.087518,655.48,0.1796,0.0960,26.5438,0.25440,7757.3568,35.1306,1528.4397,1,0,0.69,147.99,284.93,102.04,274.02,13000,694000.00,53.38,14.13,
Itapetininga,SP,2015,-23.644648,-48.122936,668.28,0.1862,0.1158,20.7894,0.13490,7804.6041,36.2056,1520.1350,1,1,0.69,147.99,284.93,102.04,274.02,11400,428401.00,37.58,9.95,
Matao,SP,2015,-21.609602,-48.430162,582.56,0.2347,0.1076,28.4091,0.22840,7480.6476,29.4754,1421.4915,1,2,0.69,147.99,284.93,102.04,274.02,7500,187500.00,25.00,6.62,
Santa Cruz Do Rio Pardo,SP,2015,-22.808644,-49.568133,542.29,0.1722,0.1041,20.3692,0.31940,7539.9946,35.9800,1720.6831,1,1,0.69,147.99,284.93,102.04,274.02,4021,177100.00,44.04,11.66,
Votuporanga,SP,2015,-20.457345,-49.988931,466.76,0.2098,0.0922,29.6413,0.13340,7981.9637,22.3793,1441.4491,1,0,0.69,147.99,284.93,102.04,274.02,893,20400.00,22.84,6.05,
Frutal,MG,2016,-20.035218,-48.999708,513.89,0.1698,0.0697,28.0544,0.24760,7030.0266,28.6589,1397.8852,1,0,0.95,126.43,283.99,122.93,302.51,6700,161000.00,24.03,5.18,
Avare,SP,2016,-23.073834,-48.894245,703.21,0.1651,0.0651,25.3797,0.15310,8616.9426,43.3155,1477.7512,1,1,0.95,126.43,283.99,122.93,302.51,6700,205020.00,30.60,6.60,
Bebedouro,SP,2016,-20.939926,-48.510172,573.15,0.1781,0.0763,28.6347,0.13270,6673.4768,29.2673,1466.3220,1,2,0.95,126.43,283.99,122.93,302.51,6250,119536.00,19.13,4.12,
Casa Branca,SP,2016,-21.799796,-47.087518,655.48,0.1877,0.0870,26.3605,0.27800,8074.9355,35.1306,1483.8935,1,0,0.95,126.43,283.99,122.93,302.51,13000,694000.00,53.38,11.51,
Itapetininga,SP,2016,-23.644648,-48.122936,668.28,0.1822,0.0706,21.5727,0.13820,8794.4292,36.2056,1403.2778,1,1,0.95,126.43,283.99,122.93,302.51,11400,428401.00,37.58,8.10,
Matao,SP,2016,-21.609602,-48.430162,582.56,0.1714,0.0554,27.8813,0.24820,7194.0601,29.4754,1477.3882,1,2,0.95,126.43,283.99,122.93,302.51,4150,135456.00,32.64,7.04,
Santa Cruz Do Rio Pardo,SP,2016,-22.808644,-49.568133,542.29,0.1582,0.0422,27.4681,0.32450,7410.7816,35.9800,1471.4972,1,1,0.95,126.43,283.99,122.93,302.51,4020,177000.00,44.03,9.49,
Votuporanga,SP,2016,-20.457345,-49.988931,466.76,0.2012,0.0759,29.0318,0.13820,7180.2251,22.3793,1299.7987,1,0,0.95,126.43,283.99,122.93,302.51,650,37536.00,57.75,12.45,
Frutal,MG,2017,-20.035218,-48.999708,513.89,0.1565,0.0353,30.7648,0.22180,7098.2732,28.6589,1344.5689,0,0,0.83,170.68,206.45,117.47,276.86,4900,122500.00,25.00,8.83,
Avare,SP,2017,-23.073834,-48.894245,703.21,0.1793,0.0706,25.3928,0.14900,8672.4731,43.3155,1396.1407,0,1,0.83,170.68,206.45,117.47,276.86,6700,301500.00,45.00,15.89,
Bebedouro,SP,2017,-20.939926,-48.510172,573.15,0.1959,0.0796,30.3608,0.10910,6399.6529,29.2673,1181.6406,0,2,0.83,170.68,206.45,117.47,276.86,6220,182709.00,29.37,10.37,
Casa Branca,SP,2017,-21.799796,-47.087518,655.48,0.1885,0.0757,28.2233,0.25230,8456.9144,35.1306,1357.2327,0,0,0.83,170.68,206.45,117.47,276.86,10640,564560.00,53.06,18.74,
Itapetininga,SP,2017,-23.644648,-48.122936,668.28,0.1679,0.0785,22.8066,0.13370,8239.9162,36.2056,1334.6967,0,1,0.83,170.68,206.45,117.47,276.86,11000,413369.00,37.58,13.27,
Matao,SP,2017,-21.609602,-48.430162,582.56,0.1843,0.0749,29.5763,0.21970,7433.2098,29.4754,1263.1487,0,2,0.83,170.68,206.45,117.47,276.86,4200,128928.00,30.70,10.84,
Santa Cruz Do Rio Pardo,SP,2017,-22.808644,-49.568133,542.29,0.1807,0.0679,25.6423,0.30540,7690.4869,35.9800,1499.2665,0,1,0.83,170.68,206.45,117.47,276.86,9000,270000.00,30.00,10.59,
Votuporanga,SP,2017,-20.457345,-49.988931,466.76,0.1782,0.0642,29.9544,0.12850,7086.7051,22.3793,1407.8905,0,0,0.83,170.68,206.45,117.47,276.86,517,10117.00,19.57,6.91,
Frutal,MG,2018,-20.035218,-48.999708,513.89,0.1699,0.0404,32.3285,0.22670,7050.6546,28.6589,1280.9136,0,1,0.78,147.90,219.83,92.19,224.31,5150,113000.00,21.94,7.31,
Avare,SP,2018,-23.073834,-48.894245,703.21,0.1818,0.0646,26.0975,0.13410,8332.6472,43.3155,1255.1571,0,2,0.78,147.90,219.83,92.19,224.31,8000,344000.00,43.00,14.32,
Bebedouro,SP,2018,-20.939926,-48.510172,573.15,0.1814,0.0520,31.1655,0.10920,7250.8015,29.2673,1261.3720,0,3,0.78,147.90,219.83,92.19,224.31,6810,217199.00,31.89,10.62,
Casa Branca,SP,2018,-21.799796,-47.087518,655.48,0.1833,0.0998,26.9775,0.24740,8295.3735,35.1306,1315.4868,0,1,0.78,147.90,219.83,92.19,224.31,10500,510000.00,48.57,16.17,
Itapetininga,SP,2018,-23.644648,-48.122936,668.28,0.1759,0.0758,21.7353,0.12460,8413.5128,36.2056,1243.1285,0,2,0.78,147.90,219.83,92.19,224.31,8500,319422.00,37.58,12.51,
Matao,SP,2018,-21.609602,-48.430162,582.56,0.1522,0.0439,30.7867,0.21270,7545.3588,29.4754,1226.5653,0,3,0.78,147.90,219.83,92.19,224.31,4200,137088.00,32.64,10.87,
Santa Cruz Do Rio Pardo,SP,2018,-22.808644,-49.568133,542.29,0.1994,0.0623,28.2910,0.28480,7888.7972,35.9800,1365.2805,0,2,0.78,147.90,219.83,92.19,224.31,9050,312741.00,34.56,11.51,
Votuporanga,SP,2018,-20.457345,-49.988931,466.76,0.1618,0.0128,34.3994,0.11560,7909.7439,22.3793,1093.4001,0,1,0.78,147.90,219.83,92.19,224.31,600,22032.00,36.72,12.23,
Frutal,MG,2019,-20.035218,-48.999708,513.89,0.1517,0.0390,30.4004,0.21600,7489.3300,28.6589,1329.8616,0,1,0.56,149.34,244.89,86.29,211.56,5050,127150.00,25.18,8.24,
Avare,SP,2019,-23.073834,-48.894245,703.21,0.1951,0.0592,26.7235,0.12300,9456.6760,43.3155,1169.4475,0,2,0.56,149.34,244.89,86.29,211.56,8000,328000.00,41.00,13.41,
Bebedouro,SP,2019,-20.939926,-48.510172,573.15,0.1667,0.0471,29.9533,0.10570,7097.7201,29.2673,1262.8770,0,3,0.56,149.34,244.89,86.29,211.56,6810,289976.00,42.58,13.93,
Casa Branca,SP,2019,-21.799796,-47.087518,655.48,0.2222,0.0764,29.3313,0.25140,9136.5447,35.1306,1323.4640,0,1,0.56,149.34,244.89,86.29,211.56,10700,508250.00,47.50,15.54,
Itapetininga,SP,2019,-23.644648,-48.122936,668.28,0.1722,0.0687,23.1023,0.11880,9171.6662,36.2056,1127.9990,0,2,0.56,149.34,244.89,86.29,211.56,8500,319422.00,37.58,12.29,
Matao,SP,2019,-21.609602,-48.430162,582.56,0.1901,0.0507,30.9513,0.21300,8042.6899,29.4754,1257.4897,0,3,0.56,149.34,244.89,86.29,211.56,5340,217872.00,40.80,13.35,
Santa Cruz Do Rio Pardo,SP,2019,-22.808644,-49.568133,542.29,0.1659,0.0324,29.5973,0.26680,8475.9008,35.9800,1210.5799,0,2,0.56,149.34,244.89,86.29,211.56,9904,366448.00,37.00,12.11,
Votuporanga,SP,2019,-20.457345,-49.988931,466.76,0.2079,0.0744,28.8569,0.10120,7648.3729,22.3793,1097.9274,0,1,0.56,149.34,244.89,86.29,211.56,526,20400.00,38.78,12.69,
Frutal,MG,2020,-20.035218,-48.999708,513.89,0.1734,0.0326,32.2871,0.21330,6250.4699,28.6589,1114.5523,1,1,0.62,107.00,246.56,88.42,256.84,5350,116350.00,21.75,4.62,
Avare,SP,2020,-23.073834,-48.894245,703.21,0.1764,0.0468,26.7777,0.11680,8405.0191,43.3155,1028.4699,1,2,0.62,107.00,246.56,88.42,256.84,5000,206000.00,41.20,8.76,
Bebedouro,SP,2020,-20.939926,-48.510172,573.15,0.1685,0.0389,31.8318,0.10310,5747.0767,29.2673,1269.3191,1,3,0.62,107.00,246.56,88.42,256.84,6810,240707.00,35.35,7.51,
Casa Branca,SP,2020,-21.799796,-47.087518,655.48,0.1626,0.0643,27.2899,0.24450,7645.5042,35.1306,1031.8564,1,1,0.62,107.00,246.56,88.42,256.84,12000,660000.00,55.00,11.69,
Itapetininga,SP,2020,-23.644648,-48.122936,668.28,0.1836,0.0622,24.8255,0.11120,8738.3718,36.2056,959.2803,1,2,0.62,107.00,246.56,88.42,256.84,8500,319422.00,37.58,7.99,
Matao,SP,2020,-21.609602,-48.430162,582.56,0.1735,0.0436,29.6601,0.20910,6798.4597,29.4754,1056.7171,1,3,0.62,107.00,246.56,88.42,256.84,4200,130364.00,31.04,6.60,
Santa Cruz Do Rio Pardo,SP,2020,-22.808644,-49.568133,542.29,0.2041,0.0465,28.8346,0.26230,7799.0246,35.9800,1115.3488,1,2,0.62,107.00,246.56,88.42,256.84,9904,406064.00,41.00,8.71,
Votuporanga,SP,2020,-20.457345,-49.988931,466.76,0.1872,0.0233,33.3914,0.09710,5983.2408,22.3793,950.0324,1,1,0.62,107.00,246.56,88.42,256.84,390,15139.00,38.82,8.25,
Frutal,MG,2021,-20.035218,-48.999708,513.89,0.1512,0.0668,26.9246,0.19410,5137.7479,28.6589,1101.8641,1,1,0.60,117.12,234.02,77.68,246.24,5150,116400.00,22.60,5.51,
Avare,SP,2021,-23.073834,-48.894245,703.21,0.1824,0.0869,21.5146,0.11610,7822.1672,43.3155,962.8013,1,2,0.60,117.12,234.02,77.68,246.24,7000,315000.00,45.00,10.97,
Bebedouro,SP,2021,-20.939926,-48.510172,573.15,0.1847,0.0733,26.7007,0.09750,4778.2506,29.2673,1079.1146,1,3,0.60,117.12,234.02,77.68,246.24,6810,240707.00,35.35,8.62,
Casa Branca,SP,2021,-21.799796,-47.087518,655.48,0.1963,0.0764,27.7049,0.23870,7626.9272,35.1306,1017.0589,1,1,0.60,117.12,234.02,77.68,246.24,14000,770000.00,55.00,13.41,
Itapetininga,SP,2021,-23.644648,-48.122936,668.28,0.2035,0.0923,20.2542,0.11100,8107.2463,36.2056,842.4183,1,2,0.60,117.12,234.02,77.68,246.24,8500,289000.00,34.00,8.29,
Matao,SP,2021,-21.609602,-48.430162,582.56,0.1898,0.0576,28.8605,0.20100,6060.6601,29.4754,833.9216,1,3,0.60,117.12,234.02,77.68,246.24,4200,100800.00,24.00,5.85,
Santa Cruz Do Rio Pardo,SP,2021,-22.808644,-49.568133,542.29,0.1720,0.0536,24.5322,0.25920,6649.6405,35.9800,1095.2843,1,2,0.60,117.12,234.02,77.68,246.24,9904,427595.00,43.17,10.53,
Votuporanga,SP,2021,-20.457345,-49.988931,466.76,0.1940,0.0222,32.6335,0.08730,4851.6904,22.3793,919.7638,1,1,0.60,117.12,234.02,77.68,246.24,390,15139.00,38.82,9.47,
Frutal,MG,2022,-20.035218,-48.999708,513.89,0.1541,0.0402,27.7167,0.22080,5602.5247,28.6589,1300.7357,0,2,0.78,124.36,441.69,112.63,496.17,4800,132750.00,27.66,3.67,
Avare,SP,2022,-23.073834,-48.894245,703.21,0.1921,0.0867,22.7522,0.13380,7990.3933,43.3155,1029.0047,0,3,0.78,124.36,441.69,112.63,496.17,8900,391600.00,44.00,5.83,
Bebedouro,SP,2022,-20.939926,-48.510172,573.15,0.2149,0.0812,27.7338,0.12320,5365.6836,29.2673,1085.8651,0,3,0.78,124.36,441.69,112.63,496.17,6810,240707.00,35.35,4.69,
Casa Branca,SP,2022,-21.799796,-47.087518,655.48,0.1943,0.0894,25.6842,0.26960,7151.0765,35.1306,1182.3574,0,1,0.78,124.36,441.69,112.63,496.17,11000,605000.00,55.00,7.29,
Itapetininga,SP,2022,-23.644648,-48.122936,668.28,0.1941,0.1014,18.2473,0.12520,7955.4715,36.2056,1243.0613,0,3,0.78,124.36,441.69,112.63,496.17,9800,368274.00,37.58,4.98,
Matao,SP,2022,-21.609602,-48.430162,582.56,0.2023,0.0799,26.8746,0.22780,6418.7413,29.4754,1097.1252,0,3,0.78,124.36,441.69,112.63,496.17,4200,142800.00,34.00,4.51,
Santa Cruz Do Rio Pardo,SP,2022,-22.808644,-49.568133,542.29,0.1788,0.0704,23.9533,0.30990,7677.6417,35.9800,1150.7268,0,3,0.78,124.36,441.69,112.63,496.17,9904,424773.00,42.89,5.69,
Votuporanga,SP,2022,-20.457345,-49.988931,466.76,0.1928,0.0641,26.8427,0.10980,5659.9987,22.3793,1152.7156,0,2,0.78,124.36,441.69,112.63,496.17,260,10069.00,38.73,5.14,
Frutal,MG,2023,-20.035218,-48.999708,513.89,0.2109,0.0909,26.9894,0.27020,695.3233,28.6589,1351.9906,0,2,1.38,174.89,596.01,226.61,735.14,4500,128700.00,28.60,3.76,
Avare,SP,2023,-23.073834,-48.894245,703.21,0.1950,0.0992,22.9788,0.14490,685.7252,43.3155,1435.0580,0,3,1.38,174.89,596.01,226.61,735.14,8900,385664.00,43.33,5.69,
Bebedouro,SP,2023,-20.939926,-48.510172,573.15,0.2590,0.1278,25.3496,0.14780,723.4371,29.2673,1418.6602,0,3,1.38,174.89,596.01,226.61,735.14,5514,230743.00,41.85,5.50,
Casa Branca,SP,2023,-21.799796,-47.087518,655.48,0.2070,0.1048,25.3596,0.31120,882.7304,35.1306,1406.5852,0,1,1.38,174.89,596.01,226.61,735.14,11000,605000.00,55.00,7.23,
Itapetininga,SP,2023,-23.644648,-48.122936,668.28,0.2050,0.1138,19.6659,0.14020,755.7451,36.2056,1226.1499,0,3,1.38,174.89,596.01,226.61,735.14,9800,368274.00,37.58,4.94,
Matao,SP,2023,-21.609602,-48.430162,582.56,0.2291,0.0899,27.1062,0.25990,498.3029,29.4754,1236.4439,0,3,1.38,174.89,596.01,226.61,735.14,4200,135345.00,32.23,4.23,
Santa Cruz Do Rio Pardo,SP,2023,-22.808644,-49.568133,542.29,0.1780,0.0804,24.8937,0.31520,614.4976,35.9800,1407.8892,0,3,1.38,174.89,596.01,226.61,735.14,9904,423119.00,42.72,5.61,
Votuporanga,SP,2023,-20.457345,-49.988931,466.76,0.2225,0.0877,25.7879,0.14680,712.0575,22.3793,1181.0708,0,2,1.38,174.89,596.01,226.61,735.14,260,10069.00,38.73,5.09,
Frutal,MG,2024,-20.035218,-48.999708,513.89,0.1683,0.0409,32.8176,0.20430,0.0000,28.6589,1362.3120,1,2,1.96,296.05,313.76,281.91,335.86,4500,90450.00,20.10,9.16,
Avare,SP,2024,-23.073834,-48.894245,703.21,0.2056,0.0644,28.7464,0.09520,0.0000,43.3155,1093.9028,1,3,1.96,296.05,313.76,281.91,335.86,11300,414710.00,36.70,16.72,
Bebedouro,SP,2024,-20.939926,-48.510172,573.15,0.1949,0.0737,30.5252,0.08990,0.0000,29.2673,955.5314,1,3,1.96,296.05,313.76,281.91,335.86,5448,172024.00,31.58,14.39,
Casa Branca,SP,2024,-21.799796,-47.087518,655.48,0.1949,0.0748,29.2079,0.22250,0.0000,35.1306,1297.8345,1,1,1.96,296.05,313.76,281.91,335.86,10000,550000.00,55.00,25.06,
Itapetininga,SP,2024,-23.644648,-48.122936,668.28,0.2139,0.0591,27.7622,0.09130,0.0000,36.2056,1160.0935,1,3,1.96,296.05,313.76,281.91,335.86,9000,284526.00,31.61,14.41,
Matao,SP,2024,-21.609602,-48.430162,582.56,0.1879,0.0511,31.5217,0.18940,0.0000,29.4754,1027.5476,1,3,1.96,296.05,313.76,281.91,335.86,4200,107957.00,25.70,11.71,
Santa Cruz Do Rio Pardo,SP,2024,-22.808644,-49.568133,542.29,0.1781,0.0413,30.9735,0.24420,0.0000,35.9800,1073.1034,1,3,1.96,296.05,313.76,281.91,335.86,9904,282858.00,28.56,13.02,
Votuporanga,SP,2024,-20.457345,-49.988931,466.76,0.1934,0.0221,33.6569,0.08370,0.0000,22.3793,1188.0678,1,2,1.96,296.05,313.76,281.91,335.86,260,10069.00,38.73,17.65,
